Name,"Modified Time","Change Time","Access Time","Created Time",Size,"Flags(Dir)","Flags(Meta)",Known,Location,"MD5 Hash","SHA-256 Hash","MIME Type",Extension
image16.png,"0000-00-00 00:00:00","0000-00-00 00:00:00","0000-00-00 00:00:00","0000-00-00 00:00:00",4251,Allocated,Allocated,unknown,"/LogicalFileSet1/Recovered Files/recup_dir.1/f0056432_Microsoft_Word_Security_Awareness_Memo.pdf/image16.png","de6c1c8ef57c12bca812deb7d65e21c9","6463b70cfa814447a25154a9f110eea8370962531982302ce89b8159cbe0aeaa",image/png,png
image17.png,"0000-00-00 00:00:00","0000-00-00 00:00:00","0000-00-00 00:00:00","0000-00-00 00:00:00",2675,Allocated,Allocated,unknown,"/LogicalFileSet1/Recovered Files/recup_dir.1/f0056432_Microsoft_Word_Security_Awareness_Memo.pdf/image17.png","a3e4cf9efc5525d1038b6036bfefb6fc","112486096beca4c58816944eb6eef4fa93b4d3b92c8b4e938fc9ce4e46a6c69d",image/png,png
image15.png,"0000-00-00 00:00:00","0000-00-00 00:00:00","0000-00-00 00:00:00","0000-00-00 00:00:00",48028,Allocated,Allocated,unknown,"/LogicalFileSet1/Recovered Files/recup_dir.1/f0056432_Microsoft_Word_Security_Awareness_Memo.pdf/image15.png","349a74681f0a0dd2d238dbb6e3b90fb1","179feed1d6e57ad96b2f13ce5d78fd459fdb97197f68f379ac508126d314b575",image/png,png
image30.png,"0000-00-00 00:00:00","0000-00-00 00:00:00","0000-00-00 00:00:00","0000-00-00 00:00:00",84886,Allocated,Allocated,unknown,"/LogicalFileSet1/Recovered Files/recup_dir.1/f0038088_hs_Cyber_Security_for_Beginners_0.pdf/image30.png","f6bc9fc3ab3b9d04ec73fcc51a3ab6c6","4bcbeaa8f04d60b8a969cc74d13b29c0322a1f95b93171e340d8533b5a9f8c3f",image/png,png
image14.png,"0000-00-00 00:00:00","0000-00-00 00:00:00","0000-00-00 00:00:00","0000-00-00 00:00:00",82824,Allocated,Allocated,unknown,"/LogicalFileSet1/Recovered Files/recup_dir.1/f0038088_hs_Cyber_Security_for_Beginners_0.pdf/image14.png","c8f2d6b12a7ac534eaa26a5743f495b7","99f9cf49379c87e84c742fddd11ef4110087d11358af1994408cf826bc0bcad9",image/png,png
image31.png,"0000-00-00 00:00:00","0000-00-00 00:00:00","0000-00-00 00:00:00","0000-00-00 00:00:00",107120,Allocated,Allocated,unknown,"/LogicalFileSet1/Recovered Files/recup_dir.1/f0038088_hs_Cyber_Security_for_Beginners_0.pdf/image31.png","e8c6e1a4e33d3963c89081b28dea5a96","1611bd55af744d1960e414d1d570cb8293a95127016c7e0daa5048cc603dfc32",image/png,png
image48.png,"0000-00-00 00:00:00","0000-00-00 00:00:00","0000-00-00 00:00:00","0000-00-00 00:00:00",30741,Allocated,Allocated,unknown,"/LogicalFileSet1/Recovered Files/recup_dir.1/f0038088_hs_Cyber_Security_for_Beginners_0.pdf/image48.png","87319bc90d7085a90621f3caa4c43aac","a4ad2df700a685c6f048412fda0d0afe1ebaac1866499e278cc9cab4dbb74a3b",image/png,png
image22.png,"0000-00-00 00:00:00","0000-00-00 00:00:00","0000-00-00 00:00:00","0000-00-00 00:00:00",75956,Allocated,Allocated,unknown,"/LogicalFileSet1/Recovered Files/recup_dir.1/f0038088_hs_Cyber_Security_for_Beginners_0.pdf/image22.png","3310d331a939c6695ab0b0063d6db78a","581922fbe85f2273ea3c2024dee9a34c30015271eabb340af967e512f993774e",image/png,png
image47.png,"0000-00-00 00:00:00","0000-00-00 00:00:00","0000-00-00 00:00:00","0000-00-00 00:00:00",37502,Allocated,Allocated,unknown,"/LogicalFileSet1/Recovered Files/recup_dir.1/f0038088_hs_Cyber_Security_for_Beginners_0.pdf/image47.png","cde897e2eb7a243c5817118b0e816e02","fcf676c1f039bd50aafe66a3b363ce9186647fc9da9a38810e624bcafbe9ce62",image/png,png
image39.png,"0000-00-00 00:00:00","0000-00-00 00:00:00","0000-00-00 00:00:00","0000-00-00 00:00:00",49530,Allocated,Allocated,unknown,"/LogicalFileSet1/Recovered Files/recup_dir.1/f0038088_hs_Cyber_Security_for_Beginners_0.pdf/image39.png","9687305b62d983f8c03c4295f8f596c8","214bb61860ca23a9ad9d4bb0d0b7e944ef2c0fe9c8572ae9b9aea8f6c8c645ba",image/png,png
image2.png,"0000-00-00 00:00:00","0000-00-00 00:00:00","0000-00-00 00:00:00","0000-00-00 00:00:00",31307,Allocated,Allocated,unknown,"/LogicalFileSet1/Recovered Files/recup_dir.1/f0038088_hs_Cyber_Security_for_Beginners_0.pdf/image2.png","f71e0fed4c230cdb8dcee5337eca29f2","8090e7420a46dbdbd33cda277cf3ba2a75bd791f683086bf7e380b2263cdecc3",image/png,png
image38.png,"0000-00-00 00:00:00","0000-00-00 00:00:00","0000-00-00 00:00:00","0000-00-00 00:00:00",52245,Allocated,Allocated,unknown,"/LogicalFileSet1/Recovered Files/recup_dir.1/f0038088_hs_Cyber_Security_for_Beginners_0.pdf/image38.png","ea848740deb401c0dbd0af81e837186d","bd514e63cf1f364bbe012626f53eef22a670aeac2d695386e8749497ffcd1d5a",image/png,png
image21.png,"0000-00-00 00:00:00","0000-00-00 00:00:00","0000-00-00 00:00:00","0000-00-00 00:00:00",57408,Allocated,Allocated,unknown,"/LogicalFileSet1/Recovered Files/recup_dir.1/f0038088_hs_Cyber_Security_for_Beginners_0.pdf/image21.png","983d53ce1cefd2525c7e1195922d7dd0","0727c223cff3220dfd91087d7b296bc7bdb338ad94ae6277f6ece8e3e5ac5481",image/png,png
image67.png,"0000-00-00 00:00:00","0000-00-00 00:00:00","0000-00-00 00:00:00","0000-00-00 00:00:00",136319,Allocated,Allocated,unknown,"/LogicalFileSet1/Recovered Files/recup_dir.1/f0038088_hs_Cyber_Security_for_Beginners_0.pdf/image67.png","83564dd408ca10b356d14b629bda7c75","172807af0f907a92be7c5adab35a78cbe61d411000bbd7121160977927dae0ae",image/png,png
image54.png,"0000-00-00 00:00:00","0000-00-00 00:00:00","0000-00-00 00:00:00","0000-00-00 00:00:00",218836,Allocated,Allocated,unknown,"/LogicalFileSet1/Recovered Files/recup_dir.1/f0038088_hs_Cyber_Security_for_Beginners_0.pdf/image54.png","02f288ae102626954a198f17270fbc61","9f0bd3c47233b261305fc70f23c6e01a6fdd36b9c770e9f7db675e895c0ef0dc",image/png,png
image41.png,"0000-00-00 00:00:00","0000-00-00 00:00:00","0000-00-00 00:00:00","0000-00-00 00:00:00",18683,Allocated,Allocated,unknown,"/LogicalFileSet1/Recovered Files/recup_dir.1/f0038088_hs_Cyber_Security_for_Beginners_0.pdf/image41.png","ae70a4e90e6652871fd66b07d63347c9","7b33d90468930b1b0e923b900bc1de787f576daa58f2f4d7c1b6914ac6ae5408",image/png,png
image1.png,"0000-00-00 00:00:00","0000-00-00 00:00:00","0000-00-00 00:00:00","0000-00-00 00:00:00",20584,Allocated,Allocated,unknown,"/LogicalFileSet1/Recovered Files/recup_dir.1/f0038088_hs_Cyber_Security_for_Beginners_0.pdf/image1.png","ae25722f7456b2321f3cc5d97fd3b901","2cb095494943331a2055d8ff9ac5445cd652bf3f847bf1348cd68e468ce07553",image/png,png
image37.png,"0000-00-00 00:00:00","0000-00-00 00:00:00","0000-00-00 00:00:00","0000-00-00 00:00:00",98770,Allocated,Allocated,unknown,"/LogicalFileSet1/Recovered Files/recup_dir.1/f0038088_hs_Cyber_Security_for_Beginners_0.pdf/image37.png","a073d0a6689b39ea1b582cb14f223b5a","ad65a6fd6da610ef35ea0c4fc0b08fab55bffa8e890d9fa44c4fa2d8142ad843",image/png,png
image70.png,"0000-00-00 00:00:00","0000-00-00 00:00:00","0000-00-00 00:00:00","0000-00-00 00:00:00",307518,Allocated,Allocated,unknown,"/LogicalFileSet1/Recovered Files/recup_dir.1/f0038088_hs_Cyber_Security_for_Beginners_0.pdf/image70.png","343f92853bd1175b7be1505516f6ba8d","f37eceb8581d5b0ae87d81d1b9b05e906d1efa0ddc538e1feb06250c1551af11",image/png,png
image24.png,"0000-00-00 00:00:00","0000-00-00 00:00:00","0000-00-00 00:00:00","0000-00-00 00:00:00",67431,Allocated,Allocated,unknown,"/LogicalFileSet1/Recovered Files/recup_dir.1/f0038088_hs_Cyber_Security_for_Beginners_0.pdf/image24.png","187d10d8a75ea17799a67bd7c0984540","6eae0be4432e0a0bf779ca9bc78bd44c30f5dcd334e634d1e265be6bad41c867",image/png,png
image23.png,"0000-00-00 00:00:00","0000-00-00 00:00:00","0000-00-00 00:00:00","0000-00-00 00:00:00",40600,Allocated,Allocated,unknown,"/LogicalFileSet1/Recovered Files/recup_dir.1/f0038088_hs_Cyber_Security_for_Beginners_0.pdf/image23.png","43f7db2330de76b5e592a99730434994","f351d00ff4c239330cb56dffd45c423554ef40176392ba657551448903353e37",image/png,png
image53.png,"0000-00-00 00:00:00","0000-00-00 00:00:00","0000-00-00 00:00:00","0000-00-00 00:00:00",201730,Allocated,Allocated,unknown,"/LogicalFileSet1/Recovered Files/recup_dir.1/f0038088_hs_Cyber_Security_for_Beginners_0.pdf/image53.png","add48a6d75e47722b35d5db87996327a","1bc58113f259cb19596deb54add9ed0713946128b5b9422b1d5de0ca0dfa3b45",image/png,png
image40.png,"0000-00-00 00:00:00","0000-00-00 00:00:00","0000-00-00 00:00:00","0000-00-00 00:00:00",53768,Allocated,Allocated,unknown,"/LogicalFileSet1/Recovered Files/recup_dir.1/f0038088_hs_Cyber_Security_for_Beginners_0.pdf/image40.png","a96e4585904985035e9188bd4ba355c6","6d268f276b4e4ccf1f260c7731d0fa4ed1ac0bab22d4504248754235842fab52",image/png,png
image19.png,"0000-00-00 00:00:00","0000-00-00 00:00:00","0000-00-00 00:00:00","0000-00-00 00:00:00",41128,Allocated,Allocated,unknown,"/LogicalFileSet1/Recovered Files/recup_dir.1/f0038088_hs_Cyber_Security_for_Beginners_0.pdf/image19.png","348066c57f4011d34b228decfaed4617","5b53ec759ec04666da6fd2f2fbb38226a6691bbcba419c447bbf5a45c80a84c9",image/png,png
image0.png,"0000-00-00 00:00:00","0000-00-00 00:00:00","0000-00-00 00:00:00","0000-00-00 00:00:00",19517,Allocated,Allocated,unknown,"/LogicalFileSet1/Recovered Files/recup_dir.1/f0038088_hs_Cyber_Security_for_Beginners_0.pdf/image0.png","00f2912668962889a90029c44a82ca3b","859aac69b6adfc567d6e3fec91a42cdbf29e412d07a84ff690d83b40c1837bde",image/png,png
image36.png,"0000-00-00 00:00:00","0000-00-00 00:00:00","0000-00-00 00:00:00","0000-00-00 00:00:00",70756,Allocated,Allocated,unknown,"/LogicalFileSet1/Recovered Files/recup_dir.1/f0038088_hs_Cyber_Security_for_Beginners_0.pdf/image36.png","97f008cdb232ce13585eb9a8e6f7ba51","1c875a0b3097d8273eaa8ecb816083d0e0cff4ccb50055670732d78d24609fcb",image/png,png
image49.png,"0000-00-00 00:00:00","0000-00-00 00:00:00","0000-00-00 00:00:00","0000-00-00 00:00:00",46458,Allocated,Allocated,unknown,"/LogicalFileSet1/Recovered Files/recup_dir.1/f0038088_hs_Cyber_Security_for_Beginners_0.pdf/image49.png","e585de5e4edd5cf7fb41175aede71faf","6708c69f9a995650d331215795a72c409ea479177ac94379131cbcea0dd92679",image/png,png
image52.png,"0000-00-00 00:00:00","0000-00-00 00:00:00","0000-00-00 00:00:00","0000-00-00 00:00:00",214168,Allocated,Allocated,unknown,"/LogicalFileSet1/Recovered Files/recup_dir.1/f0038088_hs_Cyber_Security_for_Beginners_0.pdf/image52.png","c9be60a61578ed68c8a7d43604c1c0a0","41fd5a3ae8d009490f8dd72641ab116efe46640d5a8bca2c9ced93ec21a08190",image/png,png
image18.png,"0000-00-00 00:00:00","0000-00-00 00:00:00","0000-00-00 00:00:00","0000-00-00 00:00:00",67718,Allocated,Allocated,unknown,"/LogicalFileSet1/Recovered Files/recup_dir.1/f0038088_hs_Cyber_Security_for_Beginners_0.pdf/image18.png","1ebc777ca0c0c5f41b3999400f7241f8","96450c8904488ddc0f49b251eb6d62ec1ea44b2d67f1df51645fedf152951731",image/png,png
image27.png,"0000-00-00 00:00:00","0000-00-00 00:00:00","0000-00-00 00:00:00","0000-00-00 00:00:00",82945,Allocated,Allocated,unknown,"/LogicalFileSet1/Recovered Files/recup_dir.1/f0038088_hs_Cyber_Security_for_Beginners_0.pdf/image27.png","c5c7ba1f5284ceda32a9f3e413dc823e","f8e9244366786703c713781613e6c48dd7f307fde60120edbc8a1506812c1f75",image/png,png
image43.png,"0000-00-00 00:00:00","0000-00-00 00:00:00","0000-00-00 00:00:00","0000-00-00 00:00:00",30686,Allocated,Allocated,unknown,"/LogicalFileSet1/Recovered Files/recup_dir.1/f0038088_hs_Cyber_Security_for_Beginners_0.pdf/image43.png","a4ffc064ae04b32402ee5fba4437ec56","3de9b9d895a77a395eb88fe6ece2ddb5c38c4f45aa59a2e3b445b1f776be2322",image/png,png
image44.png,"0000-00-00 00:00:00","0000-00-00 00:00:00","0000-00-00 00:00:00","0000-00-00 00:00:00",55405,Allocated,Allocated,unknown,"/LogicalFileSet1/Recovered Files/recup_dir.1/f0038088_hs_Cyber_Security_for_Beginners_0.pdf/image44.png","4998a93c0ff8df372f62dee295756bc7","d5d9dc2c11a90d554686a7fd2be2bb0a61bce5473553dc90642c0a69394ecd5c",image/png,png
image26.png,"0000-00-00 00:00:00","0000-00-00 00:00:00","0000-00-00 00:00:00","0000-00-00 00:00:00",62448,Allocated,Allocated,unknown,"/LogicalFileSet1/Recovered Files/recup_dir.1/f0038088_hs_Cyber_Security_for_Beginners_0.pdf/image26.png","382579d6cd0900654ff194de0624ec63","2a4f5e7710a199115235ef7115934383623f09e7498c7dbf236e0c5aa5ea0301",image/png,png
image35.png,"0000-00-00 00:00:00","0000-00-00 00:00:00","0000-00-00 00:00:00","0000-00-00 00:00:00",41430,Allocated,Allocated,unknown,"/LogicalFileSet1/Recovered Files/recup_dir.1/f0038088_hs_Cyber_Security_for_Beginners_0.pdf/image35.png","6d3138affe5c446ad729cbab09ed935d","c9b9a6a2d488bbd522b0094756c938b07398cf5e8eeeb808b0f4335e2ed0f758",image/png,png
image17.png,"0000-00-00 00:00:00","0000-00-00 00:00:00","0000-00-00 00:00:00","0000-00-00 00:00:00",208908,Allocated,Allocated,unknown,"/LogicalFileSet1/Recovered Files/recup_dir.1/f0038088_hs_Cyber_Security_for_Beginners_0.pdf/image17.png","c20b94c3fa15e7f462df5751bf97b93b","31e031673a75cd2e2121a0d64323797a99346384f0fd161a449a6d6422cfb977",image/png,png
image69.png,"0000-00-00 00:00:00","0000-00-00 00:00:00","0000-00-00 00:00:00","0000-00-00 00:00:00",329397,Allocated,Allocated,unknown,"/LogicalFileSet1/Recovered Files/recup_dir.1/f0038088_hs_Cyber_Security_for_Beginners_0.pdf/image69.png","0e6b6fc2e1ec34c66264d9cdb44a6e50","2b655bb9b5ec15dfbceb4c04d7f045054669764bc27dc0410904bdff84478db4",image/png,png
image68.png,"0000-00-00 00:00:00","0000-00-00 00:00:00","0000-00-00 00:00:00","0000-00-00 00:00:00",342561,Allocated,Allocated,unknown,"/LogicalFileSet1/Recovered Files/recup_dir.1/f0038088_hs_Cyber_Security_for_Beginners_0.pdf/image68.png","31ca971a0fa8fccacd693856862ff26b","af5cfab3f3d5c7134bfb7a6c7eaf39a062832a0ea85aa73d2eb9669ecf79267b",image/png,png
image7.png,"0000-00-00 00:00:00","0000-00-00 00:00:00","0000-00-00 00:00:00","0000-00-00 00:00:00",77791,Allocated,Allocated,unknown,"/LogicalFileSet1/Recovered Files/recup_dir.1/f0038088_hs_Cyber_Security_for_Beginners_0.pdf/image7.png","5b6b4acfc03f9f80d86825f55d965245","ceeb0151f554aa8c851b2020503e4bdff7453cc074197deeb6ca20c970f62b9f",image/png,png
image51.png,"0000-00-00 00:00:00","0000-00-00 00:00:00","0000-00-00 00:00:00","0000-00-00 00:00:00",135870,Allocated,Allocated,unknown,"/LogicalFileSet1/Recovered Files/recup_dir.1/f0038088_hs_Cyber_Security_for_Beginners_0.pdf/image51.png","4e5d986900b942ecfba04af142277f8a","fb2f5ef7163ee8cc6e0f3f709f63199529973e149541a297de962e8d919261f2",image/png,png
image25.png,"0000-00-00 00:00:00","0000-00-00 00:00:00","0000-00-00 00:00:00","0000-00-00 00:00:00",45289,Allocated,Allocated,unknown,"/LogicalFileSet1/Recovered Files/recup_dir.1/f0038088_hs_Cyber_Security_for_Beginners_0.pdf/image25.png","9ffca13540c8599f22929d5467993fb9","206da01886ebeb7a11eb294645d57798caf9b2e026e1dac9689defc2da79395b",image/png,png
image34.png,"0000-00-00 00:00:00","0000-00-00 00:00:00","0000-00-00 00:00:00","0000-00-00 00:00:00",39619,Allocated,Allocated,unknown,"/LogicalFileSet1/Recovered Files/recup_dir.1/f0038088_hs_Cyber_Security_for_Beginners_0.pdf/image34.png","f430555401dc910ae6c88177490777f8","6340f9301fcdb03b866276899ee2f578bd8f86aea10f85d1e709c2bf83b10d68",image/png,png
image60.png,"0000-00-00 00:00:00","0000-00-00 00:00:00","0000-00-00 00:00:00","0000-00-00 00:00:00",34909,Allocated,Allocated,unknown,"/LogicalFileSet1/Recovered Files/recup_dir.1/f0038088_hs_Cyber_Security_for_Beginners_0.pdf/image60.png","90231b8cf199a67414a78cd559e13485","38466c486657d6091cdc0198bfac6db1d07324156b3248e83ae722d8b0dc4d6e",image/png,png
image16.png,"0000-00-00 00:00:00","0000-00-00 00:00:00","0000-00-00 00:00:00","0000-00-00 00:00:00",41514,Allocated,Allocated,unknown,"/LogicalFileSet1/Recovered Files/recup_dir.1/f0038088_hs_Cyber_Security_for_Beginners_0.pdf/image16.png","e9bc147f74037f0011f41231380d14fa","97febd11de96ea17f7a1dbde99f9e1f84552f63abe9b624d63f24d2a0b7639b6",image/png,png
image46.png,"0000-00-00 00:00:00","0000-00-00 00:00:00","0000-00-00 00:00:00","0000-00-00 00:00:00",57352,Allocated,Allocated,unknown,"/LogicalFileSet1/Recovered Files/recup_dir.1/f0038088_hs_Cyber_Security_for_Beginners_0.pdf/image46.png","07e2756a19557d42fda5909311e7bf9b","af12d471dd5372257ce6df2198ce769613b57922270afafe0db694e813d34230",image/png,png
image5.png,"0000-00-00 00:00:00","0000-00-00 00:00:00","0000-00-00 00:00:00","0000-00-00 00:00:00",150560,Allocated,Allocated,unknown,"/LogicalFileSet1/Recovered Files/recup_dir.1/f0038088_hs_Cyber_Security_for_Beginners_0.pdf/image5.png","19352da0bce668fff3057b332c9950d6","24d7fb046ad6fd7beb42b0ba311b1c75eb6e83279e2e36d3baa3576d048e4cd5",image/png,png
image29.png,"0000-00-00 00:00:00","0000-00-00 00:00:00","0000-00-00 00:00:00","0000-00-00 00:00:00",62634,Allocated,Allocated,unknown,"/LogicalFileSet1/Recovered Files/recup_dir.1/f0038088_hs_Cyber_Security_for_Beginners_0.pdf/image29.png","23b6ff14a58968d7494c6688df6288ac","807f552ee319c2118d6ce6ccf7047b0563af56422eaea3bc3060afad0dd54848",image/png,png
image20.png,"0000-00-00 00:00:00","0000-00-00 00:00:00","0000-00-00 00:00:00","0000-00-00 00:00:00",78063,Allocated,Allocated,unknown,"/LogicalFileSet1/Recovered Files/recup_dir.1/f0038088_hs_Cyber_Security_for_Beginners_0.pdf/image20.png","95076eb7689b745ec96024e2dd1494a3","2162570c85f30978193424e9db1a30e5a1a1077b92a7a64072281007ad998b7d",image/png,png
image6.png,"0000-00-00 00:00:00","0000-00-00 00:00:00","0000-00-00 00:00:00","0000-00-00 00:00:00",76896,Allocated,Allocated,unknown,"/LogicalFileSet1/Recovered Files/recup_dir.1/f0038088_hs_Cyber_Security_for_Beginners_0.pdf/image6.png","3ca96a0b5c9a34dc041d0d4d9b516497","b530ee8e6ec86617c9bce168680f87a2d82f30420f549148b8c304edfe445cf7",image/png,png
image33.png,"0000-00-00 00:00:00","0000-00-00 00:00:00","0000-00-00 00:00:00","0000-00-00 00:00:00",34841,Allocated,Allocated,unknown,"/LogicalFileSet1/Recovered Files/recup_dir.1/f0038088_hs_Cyber_Security_for_Beginners_0.pdf/image33.png","94b4cdf5de65fff81f8facb7fa158615","cede02f9524c7c8c53d9d4db1f3b517ac6f954f3f9383d83ae30ba6fa11aacb4",image/png,png
image28.png,"0000-00-00 00:00:00","0000-00-00 00:00:00","0000-00-00 00:00:00","0000-00-00 00:00:00",36332,Allocated,Allocated,unknown,"/LogicalFileSet1/Recovered Files/recup_dir.1/f0038088_hs_Cyber_Security_for_Beginners_0.pdf/image28.png","e6c4131afc5b2c0aa3af7a004ea82ee5","2641b3d7345f719ca2c6c2899e77976346bb3bdd02993eec6613c438665f0161",image/png,png
image58.png,"0000-00-00 00:00:00","0000-00-00 00:00:00","0000-00-00 00:00:00","0000-00-00 00:00:00",317087,Allocated,Allocated,unknown,"/LogicalFileSet1/Recovered Files/recup_dir.1/f0038088_hs_Cyber_Security_for_Beginners_0.pdf/image58.png","62a99d32446ccf921ecb2bdb0e244887","445f7e477994000da0fbb49de8a2da79602f0750db3997d01d9ac054a89bc6ca",image/png,png
image4.png,"0000-00-00 00:00:00","0000-00-00 00:00:00","0000-00-00 00:00:00","0000-00-00 00:00:00",220315,Allocated,Allocated,unknown,"/LogicalFileSet1/Recovered Files/recup_dir.1/f0038088_hs_Cyber_Security_for_Beginners_0.pdf/image4.png","5a69995c00cff96b5db037b36e0b72ed","97232be2e96e9daa52aeb29c1d86fa3dc4053575a4edd368d040855d8eebceb0",image/png,png
image15.png,"0000-00-00 00:00:00","0000-00-00 00:00:00","0000-00-00 00:00:00","0000-00-00 00:00:00",65603,Allocated,Allocated,unknown,"/LogicalFileSet1/Recovered Files/recup_dir.1/f0038088_hs_Cyber_Security_for_Beginners_0.pdf/image15.png","aee228ca1d07ee8fd7550be9eb9d8e3e","80b67482e2dd9e3bb5d0a46056a71e964bfdd96d24eafe603affbbe630446842",image/png,png
image32.png,"0000-00-00 00:00:00","0000-00-00 00:00:00","0000-00-00 00:00:00","0000-00-00 00:00:00",65121,Allocated,Allocated,unknown,"/LogicalFileSet1/Recovered Files/recup_dir.1/f0038088_hs_Cyber_Security_for_Beginners_0.pdf/image32.png","852f1d3c022c10af255de0fc1d23cc82","e9d6112ed3fd6a78b4821f0d46a030c789a1b6dbfc0cac4744bb5d07a9ca0db9",image/png,png
image45.png,"0000-00-00 00:00:00","0000-00-00 00:00:00","0000-00-00 00:00:00","0000-00-00 00:00:00",47207,Allocated,Allocated,unknown,"/LogicalFileSet1/Recovered Files/recup_dir.1/f0038088_hs_Cyber_Security_for_Beginners_0.pdf/image45.png","622cf274e4652686224989fcd40e551e","e14a618cdc52942f514164243326a5a6a0566f55685238503d969b766a759c13",image/png,png
