MD5,SHA1,FileNames
"6aa6b0b6ca8abda92bcfcd5e32fe6833","640222b2e0f9569ba09c312b172050155ad48863","RecoveredFiles\C:\Users\CIS27AStudent\Desktop\RecoveredFiles\recup_dir.1\f0000616.ini"
"5ec4fb9cbdfae4947d2b9a7b76432896","9be16fdd9556df8b33b2e381087f457019a04c1f","RecoveredFiles\C:\Users\CIS27AStudent\Desktop\RecoveredFiles\recup_dir.1\f0000624.ini"
"c6e45069ebbe97e12ea6388317ea68d2","062035dea802d6bada6196a60de1d5de4160e149","RecoveredFiles\C:\Users\CIS27AStudent\Desktop\RecoveredFiles\recup_dir.1\f0000640.jpg"
"e48a5803acbbadf889e70f5b7b51daa1","fcf44a3087a2de7ff08e03aa68c564ebfbb2a7a3","RecoveredFiles\C:\Users\CIS27AStudent\Desktop\RecoveredFiles\recup_dir.1\f0010600.jpg"
"2e6f44dadd7926e222abe7413a2f5b72","2e85a5bd18197be96650d8f8ced1c7fac0744608","RecoveredFiles\C:\Users\CIS27AStudent\Desktop\RecoveredFiles\recup_dir.1\f0018936.jpg"
"8463bceb05c67c9ab31e4abc82eea06b","c9cf307576ff47cbe349b7e51a9bd555d6b5bf17","RecoveredFiles\C:\Users\CIS27AStudent\Desktop\RecoveredFiles\recup_dir.1\f0026384.jpg"
"bf0fe73752f2a81092d0eb6dfdf1c81f","725165d6295be123c76c6ab0e979da65784c62ca","RecoveredFiles\C:\Users\CIS27AStudent\Desktop\RecoveredFiles\recup_dir.1\f0030976.jpg"
"fea40508ddf74ecdd2be29538f5bb43d","58377fa35634b0524a02cb92bdac25509ae30482","RecoveredFiles\C:\Users\CIS27AStudent\Desktop\RecoveredFiles\recup_dir.1\f0032816.jpg"
"48706988ab5bfb2412e88cafeca3bfa7","c784df97d2accd1114327a9d0384138b70da9267","RecoveredFiles\C:\Users\CIS27AStudent\Desktop\RecoveredFiles\recup_dir.1\f0036616.jpg"
"ad87f0fee801ac6238d6a02a36a367de","bcdf57cd9358bbc896405ec5faeb45772dfa41a8","RecoveredFiles\C:\Users\CIS27AStudent\Desktop\RecoveredFiles\recup_dir.1\f0037600.jpg"
"e3f22eb91de7ac42c61eab9c8bcce4e4","167e13e85d1ffc50fd6fc4c5b163b40c19bd411a","RecoveredFiles\C:\Users\CIS27AStudent\Desktop\RecoveredFiles\recup_dir.1\f0038088_hs_Cyber_Security_for_Beginners_0.pdf"
"aa3b1814dbce7c5ab250a54f3210b12e","da7b8527593e7c5ca59075dae6236ced6f3184fd","RecoveredFiles\C:\Users\CIS27AStudent\Desktop\RecoveredFiles\recup_dir.1\f0056224.jpg"
"fa66f575eed3c768f380cc0e9c076b53","810a0565bc0941074b21b4a1438be9a37e9e52ad","RecoveredFiles\C:\Users\CIS27AStudent\Desktop\RecoveredFiles\recup_dir.1\f0056432_Microsoft_Word_Security_Awareness_Memo.pdf"
"d2db846db9f6e92b07ebe09535a141f7","5e7fd17e6a6e13a9bdc1bce0bb8ae3bb776e9bb6","RecoveredFiles\C:\Users\CIS27AStudent\Desktop\RecoveredFiles\recup_dir.1\t0010600.jpg"
"ed2e670cc9bd03813768d6c8fcdadb6e","ae520bc3c5c1880ecdb799caf657d6f18746a24f","RecoveredFiles\C:\Users\CIS27AStudent\Desktop\RecoveredFiles\recup_dir.1\t0018936.jpg"
"d465a176145986746caa209b9a19abb5","e155815e8fbe2da00fdc9ee1405b2889c604e83e","RecoveredFiles\C:\Users\CIS27AStudent\Desktop\RecoveredFiles\recup_dir.1\t0026384.jpg"
"baa5a3f90c3decdb471f7a650bcf849b","512445a61bb909a9da64065a1cc8575bc8a3489e","RecoveredFiles\C:\Users\CIS27AStudent\Desktop\RecoveredFiles\recup_dir.1\t0036616.jpg"
